review,sentiment
Absolutely fantastic product! Exceeded all my expectations.,2
"The battery life on this laptop is incredible, lasting over 14 hours.",2
Customer service was super responsive and solved my issue within minutes.,2
"High quality materials, sturdy build, and very sleek aesthetic design.",2
"Loved everything about this flight, smooth takeoff and on-time arrival.",2
Superb sound quality with punchy bass and crystal clear mids and highs.,2
"Fast shipping, arrived 2 days earlier than scheduled. Highly recommend!",2
The camera captures stunning detail even in low light situations.,2
"A game changer for my daily workflow, intuitive and smooth interface.",2
The food at this restaurant was delicious and the staff was very friendly.,2
Great value for the price. Definitely worth every penny.,2
"Outstanding performance, handles demanding video editing effortlessly.",2
"Extremely comfortable shoes, walked 10 miles with zero blisters.",2
"Seamless setup process, connected to my Wi-Fi on the first try.",2
Five stars! Will definitely be buying from this brand again.,2
"The display is bright, vibrant, and colors are remarkably accurate.",2
Very satisfied with my purchase. Build quality is premium.,2
Reliable and efficient software. Has saved our team countless hours.,2
Packaging was immaculate and protected the fragile glass perfectly.,2
Top notch customer support. They went above and beyond to help me.,2
"I was skeptical at first, but it works like a charm. Very impressed.",2
The noise cancellation blocks out almost all airplane engine hum.,2
Pleasantly surprised by how lightweight and ergonomic this mouse is.,2
"Crisp resolution, high refresh rate, and vibrant HDR colors.",2
"The fabric is soft, breathable, and holds up well after multiple washes.",2
Remarkable attention to detail and flawless craftsmanship throughout.,2
"Super easy to assemble, took less than fifteen minutes with clear instructions.",2
Very responsive touch screen with virtually zero lag.,2
Best investment I have made this year for my home office setup.,2
"Friendly driver, clean vehicle, and got us to the terminal quickly.",2
The updated features are exactly what the community asked for. Well done!,2
"Solid build, rich bass, and the battery lasts throughout the entire week.",2
"Delicious coffee, cozy atmosphere, and reasonably priced pastries.",2
Impressed by the durability. Dropped it once and not a single scratch.,2
"The tutorial was clear, concise, and got me up to speed immediately.",2
"Super quiet motor, does not disturb sleep even when running on high.",2
I love how compact it is without sacrificing power or usability.,2
Everything from ordering to delivery was effortless and smooth.,2
A truly exceptional experience from start to finish.,2
Worth every dollar. High quality and delivers on all advertised promises.,2
Brilliant engineering and thoughtful product design.,2
Speedy response times and knowledgeable technical assistance.,2
The fit is true to size and the cushioning is heavenly.,2
Excellent battery backup and super fast charging capability.,2
"Clean UI, snappy transitions, and zero bugs encountered so far.",2
"Delightful customer care experience, representative was courteous and proactive.",2
Rich soundstage that brings acoustic tracks to life.,2
Stellar build quality that feels solid in the hands.,2
Quick delivery and exactly as described in the product listing.,2
I am genuinely impressed with the performance improvements in this release.,2
Terrible experience. The product broke within two days of normal use.,0
Worst customer support ever. Ignored my emails for two weeks.,0
Do not buy this! Cheap plastic material and complete waste of money.,0
Flight was delayed by four hours with zero updates or compensation.,0
"Battery drains in less than two hours, completely unusable.",0
"Very disappointed with the sound quality, tinny audio and no bass.",0
Arrived damaged with scratches all over the front panel.,0
The mobile app keeps crashing every time I try to log in.,0
"The meal was cold, tasteless, and overpriced.",0
"Misleading description, the actual size is much smaller than shown.",0
"Extremely difficult to set up, instructions are full of errors.",0
"Refund policy is a scam, they refused to return my funds.",0
Overheats terribly after just 15 minutes of basic browsing.,0
"Poor quality stitching, seams started coming apart after one wash.",0
"Slow delivery, took over a month to arrive and tracking was useless.",0
Garbage software with frequent freezes and lost unsaved data.,0
"The material feels flimsy and fragile, very poor build.",0
"Horrible experience with the airline staff, rude and unhelpful.",0
Not worth the hype or the high price tag. Very underwhelming.,0
The product stopped working completely right after the return window closed.,0
Sound cuts out intermittently on the left headphone.,0
"Uncomfortable fit, gives me a headache after wearing for 20 minutes.",0
The display has dead pixels right out of the box. Returning immediately.,0
Rude customer service representative hung up on me when I requested assistance.,0
Completely inaccurate GPS tracking and constant disconnection from phone.,0
Smells terrible of harsh industrial chemicals that will not air out.,0
"Too noisy, sounds like a jet engine even on the lowest speed setting.",0
The screws provided did not fit the pre-drilled holes at all.,0
Lacks basic features present in cheaper competitor alternatives.,0
Total waste of time and energy trying to get this replacement approved.,0
The remote control is unresponsive unless you stand two feet away.,0
False advertising regarding the waterproof rating. Water ruined it immediately.,0
Painful to use for more than ten minutes due to terrible ergonomic design.,0
"Substandard quality control, missing several critical mounting parts.",0
"The food gave me food poisoning, hygiene was questionable.",0
System update introduced severe lag and crippled device performance.,0
Customer service gave me conflicting information and resolved nothing.,0
The finish chipped off within a week of regular indoor use.,0
Package arrived crushed and soaking wet on my porch.,0
Disastrous experience. Will never order from this company again.,0
Defective unit sent twice in a row. Very frustrating.,0
Audio is muffled and microphone makes me sound like I am underwater.,0
The zipper broke on the very first day of my vacation.,0
Unacceptable lag and sluggish responsiveness across all menus.,0
"The fabric is rough, itchy, and irritated my skin.",0
"Unreliable connection, drops Bluetooth sync every five minutes.",0
Overpriced junk that failed on day three. Avoid at all costs.,0
"Terrible customer journey, hidden fees added at the checkout.",0
Camera lens was scratched inside the sealed box.,0
Regret this purchase deeply. Does not work as described.,0
The package arrived on Tuesday as expected. Package was sealed in cardboard.,1
The laptop weighs 1.4 kg and has two USB-C ports on the left side.,1
The flight departed at 3:15 PM and arrived at 6:45 PM local time.,1
"It performs average for its price bracket, neither great nor bad.",1
"The device came with a power adapter, USB cable, and quick start booklet.",1
The restaurant is located on the second floor near the central plaza.,1
The software includes standard spreadsheet and word processing templates.,1
Screen size is 6.1 inches with a 60Hz refresh rate panel.,1
The item matches the dimensions listed in the product specifications.,1
Battery life lasts around 6 hours under normal office conditions.,1
The product is made of matte gray polycarbonate plastic.,1
The hotel check-in desk is open from 2 PM to 11 PM daily.,1
Sound output is adequate for casual listening in a quiet room.,1
The color is a standard neutral navy blue as pictured online.,1
The package contains three replacement filter cartridges.,1
Customer support operates Monday through Friday during business hours.,1
The jacket has two side pockets and an interior zippered compartment.,1
Standard delivery took 4 business days to reach our suburban address.,1
The app requires iOS 15 or Android 10 or later to run.,1
The device turns on with a physical toggle switch on the rear panel.,1
It does what it is supposed to do. Average everyday utility.,1
The car rental location is situated across from Terminal 2 baggage claim.,1
The product measures 10 inches by 5 inches and weighs 300 grams.,1
Firmware version 2.4 was released on October 15th with bug fixes.,1
The store is open between 9 AM and 9 PM on weekdays.,1
The unit is compatible with 110V and 220V electrical outlets.,1
It has basic functionality that covers daily mundane tasks.,1
The order confirmation was received in my inbox immediately.,1
The vehicle comes standard with cloth seats and manual adjustment.,1
The screen resolution is 1080p full high definition.,1
The headphones come with three sizes of silicone ear tips.,1
The meeting was held in room 302 and lasted forty minutes.,1
"Standard features are included, no extra premium accessories provided.",1
The cable length is 1.5 meters with braided outer shielding.,1
The hotel provides continental breakfast between 7 AM and 10 AM.,1
The application stores user preferences in a local JSON configuration file.,1
This model replaces the previous 2024 edition in the product lineup.,1
The material is 100 percent polyester manufactured in Vietnam.,1
The item arrived in a plain brown recyclable cardboard box.,1
The camera features an f/1.8 aperture lens with autofocus.,1
It fulfills the basic requirements outlined in the user manual.,1
The software requires 4GB of RAM and 500MB of available disk space.,1
The remote control uses two standard AAA alkaline batteries.,1
The flight was operated on a Boeing 737 aircraft with standard seating.,1
Temperature can be adjusted in increments of one degree Celsius.,1
The unit has an LED indicator light that illuminates when powered on.,1
The warranty covers parts and labor for a period of twelve months.,1
The book has 320 pages and includes an index and bibliography.,1
The package was delivered to the front reception desk.,1
It is an ordinary everyday item that meets standard specifications.,1
This was an exceptional experience! The team provided exceptional support and everything worked seamlessly.,2
"An abysmal product. Complete failure, completely abysmal quality and total waste.",0
"The item is available in black and silver. Unit specifications: Model number 1000, manufactured in standard batch.",1
This was an magnificent experience! The team provided magnificent support and everything worked seamlessly.,2
"An atrocious product. Complete failure, completely atrocious quality and total waste.",0
"The instructions are printed in English and Spanish. Unit specifications: Model number 1001, manufactured in standard batch.",1
This was an terrific experience! The team provided terrific support and everything worked seamlessly.,2
"An deplorable product. Complete failure, completely deplorable quality and total waste.",0
"Shipped via standard ground transport. Unit specifications: Model number 1002, manufactured in standard batch.",1
This was an superb experience! The team provided superb support and everything worked seamlessly.,2
"An dreadful product. Complete failure, completely dreadful quality and total waste.",0
"Contains 500ml of liquid. Unit specifications: Model number 1003, manufactured in standard batch.",1
This was an delightful experience! The team provided delightful support and everything worked seamlessly.,2
"An appalling product. Complete failure, completely appalling quality and total waste.",0
"The warranty lasts for 1 year. Unit specifications: Model number 1004, manufactured in standard batch.",1
This was an splendid experience! The team provided splendid support and everything worked seamlessly.,2
"An worthless product. Complete failure, completely worthless quality and total waste.",0
"Dimensions are standard. Unit specifications: Model number 1005, manufactured in standard batch.",1
This was an stellar experience! The team provided stellar support and everything worked seamlessly.,2
"An faulty product. Complete failure, completely faulty quality and total waste.",0
"The item is available in black and silver. Unit specifications: Model number 1006, manufactured in standard batch.",1
This was an phenomenal experience! The team provided phenomenal support and everything worked seamlessly.,2
"An miserable product. Complete failure, completely miserable quality and total waste.",0
"The instructions are printed in English and Spanish. Unit specifications: Model number 1007, manufactured in standard batch.",1
This was an exceptional experience! The team provided exceptional support and everything worked seamlessly.,2
"An abysmal product. Complete failure, completely abysmal quality and total waste.",0
"Shipped via standard ground transport. Unit specifications: Model number 1008, manufactured in standard batch.",1
This was an magnificent experience! The team provided magnificent support and everything worked seamlessly.,2
"An atrocious product. Complete failure, completely atrocious quality and total waste.",0
"Contains 500ml of liquid. Unit specifications: Model number 1009, manufactured in standard batch.",1
This was an terrific experience! The team provided terrific support and everything worked seamlessly.,2
"An deplorable product. Complete failure, completely deplorable quality and total waste.",0
"The warranty lasts for 1 year. Unit specifications: Model number 1010, manufactured in standard batch.",1
This was an superb experience! The team provided superb support and everything worked seamlessly.,2
"An dreadful product. Complete failure, completely dreadful quality and total waste.",0
"Dimensions are standard. Unit specifications: Model number 1011, manufactured in standard batch.",1
This was an delightful experience! The team provided delightful support and everything worked seamlessly.,2
"An appalling product. Complete failure, completely appalling quality and total waste.",0
"The item is available in black and silver. Unit specifications: Model number 1012, manufactured in standard batch.",1
This was an splendid experience! The team provided splendid support and everything worked seamlessly.,2
"An worthless product. Complete failure, completely worthless quality and total waste.",0
"The instructions are printed in English and Spanish. Unit specifications: Model number 1013, manufactured in standard batch.",1
This was an stellar experience! The team provided stellar support and everything worked seamlessly.,2
"An faulty product. Complete failure, completely faulty quality and total waste.",0
"Shipped via standard ground transport. Unit specifications: Model number 1014, manufactured in standard batch.",1
This was an phenomenal experience! The team provided phenomenal support and everything worked seamlessly.,2
"An miserable product. Complete failure, completely miserable quality and total waste.",0
"Contains 500ml of liquid. Unit specifications: Model number 1015, manufactured in standard batch.",1
This was an exceptional experience! The team provided exceptional support and everything worked seamlessly.,2
"An abysmal product. Complete failure, completely abysmal quality and total waste.",0
"The warranty lasts for 1 year. Unit specifications: Model number 1016, manufactured in standard batch.",1
This was an magnificent experience! The team provided magnificent support and everything worked seamlessly.,2
"An atrocious product. Complete failure, completely atrocious quality and total waste.",0
"Dimensions are standard. Unit specifications: Model number 1017, manufactured in standard batch.",1
This was an terrific experience! The team provided terrific support and everything worked seamlessly.,2
"An deplorable product. Complete failure, completely deplorable quality and total waste.",0
"The item is available in black and silver. Unit specifications: Model number 1018, manufactured in standard batch.",1
This was an superb experience! The team provided superb support and everything worked seamlessly.,2
"An dreadful product. Complete failure, completely dreadful quality and total waste.",0
"The instructions are printed in English and Spanish. Unit specifications: Model number 1019, manufactured in standard batch.",1
This was an delightful experience! The team provided delightful support and everything worked seamlessly.,2
"An appalling product. Complete failure, completely appalling quality and total waste.",0
"Shipped via standard ground transport. Unit specifications: Model number 1020, manufactured in standard batch.",1
This was an splendid experience! The team provided splendid support and everything worked seamlessly.,2
"An worthless product. Complete failure, completely worthless quality and total waste.",0
"Contains 500ml of liquid. Unit specifications: Model number 1021, manufactured in standard batch.",1
This was an stellar experience! The team provided stellar support and everything worked seamlessly.,2
"An faulty product. Complete failure, completely faulty quality and total waste.",0
"The warranty lasts for 1 year. Unit specifications: Model number 1022, manufactured in standard batch.",1
This was an phenomenal experience! The team provided phenomenal support and everything worked seamlessly.,2
"An miserable product. Complete failure, completely miserable quality and total waste.",0
"Dimensions are standard. Unit specifications: Model number 1023, manufactured in standard batch.",1
This was an exceptional experience! The team provided exceptional support and everything worked seamlessly.,2
"An abysmal product. Complete failure, completely abysmal quality and total waste.",0
"The item is available in black and silver. Unit specifications: Model number 1024, manufactured in standard batch.",1
This was an magnificent experience! The team provided magnificent support and everything worked seamlessly.,2
"An atrocious product. Complete failure, completely atrocious quality and total waste.",0
"The instructions are printed in English and Spanish. Unit specifications: Model number 1025, manufactured in standard batch.",1
This was an terrific experience! The team provided terrific support and everything worked seamlessly.,2
"An deplorable product. Complete failure, completely deplorable quality and total waste.",0
"Shipped via standard ground transport. Unit specifications: Model number 1026, manufactured in standard batch.",1
This was an superb experience! The team provided superb support and everything worked seamlessly.,2
"An dreadful product. Complete failure, completely dreadful quality and total waste.",0
"Contains 500ml of liquid. Unit specifications: Model number 1027, manufactured in standard batch.",1
This was an delightful experience! The team provided delightful support and everything worked seamlessly.,2
"An appalling product. Complete failure, completely appalling quality and total waste.",0
"The warranty lasts for 1 year. Unit specifications: Model number 1028, manufactured in standard batch.",1
This was an splendid experience! The team provided splendid support and everything worked seamlessly.,2
"An worthless product. Complete failure, completely worthless quality and total waste.",0
"Dimensions are standard. Unit specifications: Model number 1029, manufactured in standard batch.",1
This was an stellar experience! The team provided stellar support and everything worked seamlessly.,2
"An faulty product. Complete failure, completely faulty quality and total waste.",0
"The item is available in black and silver. Unit specifications: Model number 1030, manufactured in standard batch.",1
This was an phenomenal experience! The team provided phenomenal support and everything worked seamlessly.,2
"An miserable product. Complete failure, completely miserable quality and total waste.",0
"The instructions are printed in English and Spanish. Unit specifications: Model number 1031, manufactured in standard batch.",1
This was an exceptional experience! The team provided exceptional support and everything worked seamlessly.,2
"An abysmal product. Complete failure, completely abysmal quality and total waste.",0
"Shipped via standard ground transport. Unit specifications: Model number 1032, manufactured in standard batch.",1
This was an magnificent experience! The team provided magnificent support and everything worked seamlessly.,2
"An atrocious product. Complete failure, completely atrocious quality and total waste.",0
"Contains 500ml of liquid. Unit specifications: Model number 1033, manufactured in standard batch.",1
This was an terrific experience! The team provided terrific support and everything worked seamlessly.,2
"An deplorable product. Complete failure, completely deplorable quality and total waste.",0
"The warranty lasts for 1 year. Unit specifications: Model number 1034, manufactured in standard batch.",1
This was an superb experience! The team provided superb support and everything worked seamlessly.,2
"An dreadful product. Complete failure, completely dreadful quality and total waste.",0
"Dimensions are standard. Unit specifications: Model number 1035, manufactured in standard batch.",1
This was an delightful experience! The team provided delightful support and everything worked seamlessly.,2
"An appalling product. Complete failure, completely appalling quality and total waste.",0
"The item is available in black and silver. Unit specifications: Model number 1036, manufactured in standard batch.",1
This was an splendid experience! The team provided splendid support and everything worked seamlessly.,2
"An worthless product. Complete failure, completely worthless quality and total waste.",0
"The instructions are printed in English and Spanish. Unit specifications: Model number 1037, manufactured in standard batch.",1
This was an stellar experience! The team provided stellar support and everything worked seamlessly.,2
"An faulty product. Complete failure, completely faulty quality and total waste.",0
"Shipped via standard ground transport. Unit specifications: Model number 1038, manufactured in standard batch.",1
This was an phenomenal experience! The team provided phenomenal support and everything worked seamlessly.,2
"An miserable product. Complete failure, completely miserable quality and total waste.",0
"Contains 500ml of liquid. Unit specifications: Model number 1039, manufactured in standard batch.",1
This was an exceptional experience! The team provided exceptional support and everything worked seamlessly.,2
"An abysmal product. Complete failure, completely abysmal quality and total waste.",0
"The warranty lasts for 1 year. Unit specifications: Model number 1040, manufactured in standard batch.",1
This was an magnificent experience! The team provided magnificent support and everything worked seamlessly.,2
"An atrocious product. Complete failure, completely atrocious quality and total waste.",0
"Dimensions are standard. Unit specifications: Model number 1041, manufactured in standard batch.",1
This was an terrific experience! The team provided terrific support and everything worked seamlessly.,2
"An deplorable product. Complete failure, completely deplorable quality and total waste.",0
"The item is available in black and silver. Unit specifications: Model number 1042, manufactured in standard batch.",1
This was an superb experience! The team provided superb support and everything worked seamlessly.,2
"An dreadful product. Complete failure, completely dreadful quality and total waste.",0
"The instructions are printed in English and Spanish. Unit specifications: Model number 1043, manufactured in standard batch.",1
This was an delightful experience! The team provided delightful support and everything worked seamlessly.,2
"An appalling product. Complete failure, completely appalling quality and total waste.",0
"Shipped via standard ground transport. Unit specifications: Model number 1044, manufactured in standard batch.",1
This was an splendid experience! The team provided splendid support and everything worked seamlessly.,2
"An worthless product. Complete failure, completely worthless quality and total waste.",0
"Contains 500ml of liquid. Unit specifications: Model number 1045, manufactured in standard batch.",1
This was an stellar experience! The team provided stellar support and everything worked seamlessly.,2
"An faulty product. Complete failure, completely faulty quality and total waste.",0
"The warranty lasts for 1 year. Unit specifications: Model number 1046, manufactured in standard batch.",1
This was an phenomenal experience! The team provided phenomenal support and everything worked seamlessly.,2
"An miserable product. Complete failure, completely miserable quality and total waste.",0
"Dimensions are standard. Unit specifications: Model number 1047, manufactured in standard batch.",1
This was an exceptional experience! The team provided exceptional support and everything worked seamlessly.,2
"An abysmal product. Complete failure, completely abysmal quality and total waste.",0
"The item is available in black and silver. Unit specifications: Model number 1048, manufactured in standard batch.",1
This was an magnificent experience! The team provided magnificent support and everything worked seamlessly.,2
"An atrocious product. Complete failure, completely atrocious quality and total waste.",0
"The instructions are printed in English and Spanish. Unit specifications: Model number 1049, manufactured in standard batch.",1
This was an terrific experience! The team provided terrific support and everything worked seamlessly.,2
"An deplorable product. Complete failure, completely deplorable quality and total waste.",0
"Shipped via standard ground transport. Unit specifications: Model number 1050, manufactured in standard batch.",1
This was an superb experience! The team provided superb support and everything worked seamlessly.,2
"An dreadful product. Complete failure, completely dreadful quality and total waste.",0
"Contains 500ml of liquid. Unit specifications: Model number 1051, manufactured in standard batch.",1
This was an delightful experience! The team provided delightful support and everything worked seamlessly.,2
"An appalling product. Complete failure, completely appalling quality and total waste.",0
"The warranty lasts for 1 year. Unit specifications: Model number 1052, manufactured in standard batch.",1
This was an splendid experience! The team provided splendid support and everything worked seamlessly.,2
"An worthless product. Complete failure, completely worthless quality and total waste.",0
"Dimensions are standard. Unit specifications: Model number 1053, manufactured in standard batch.",1
This was an stellar experience! The team provided stellar support and everything worked seamlessly.,2
"An faulty product. Complete failure, completely faulty quality and total waste.",0
"The item is available in black and silver. Unit specifications: Model number 1054, manufactured in standard batch.",1
This was an phenomenal experience! The team provided phenomenal support and everything worked seamlessly.,2
"An miserable product. Complete failure, completely miserable quality and total waste.",0
"The instructions are printed in English and Spanish. Unit specifications: Model number 1055, manufactured in standard batch.",1
This was an exceptional experience! The team provided exceptional support and everything worked seamlessly.,2
"An abysmal product. Complete failure, completely abysmal quality and total waste.",0
"Shipped via standard ground transport. Unit specifications: Model number 1056, manufactured in standard batch.",1
This was an magnificent experience! The team provided magnificent support and everything worked seamlessly.,2
"An atrocious product. Complete failure, completely atrocious quality and total waste.",0
"Contains 500ml of liquid. Unit specifications: Model number 1057, manufactured in standard batch.",1
This was an terrific experience! The team provided terrific support and everything worked seamlessly.,2
"An deplorable product. Complete failure, completely deplorable quality and total waste.",0
"The warranty lasts for 1 year. Unit specifications: Model number 1058, manufactured in standard batch.",1
This was an superb experience! The team provided superb support and everything worked seamlessly.,2
"An dreadful product. Complete failure, completely dreadful quality and total waste.",0
"Dimensions are standard. Unit specifications: Model number 1059, manufactured in standard batch.",1
This was an delightful experience! The team provided delightful support and everything worked seamlessly.,2
"An appalling product. Complete failure, completely appalling quality and total waste.",0
"The item is available in black and silver. Unit specifications: Model number 1060, manufactured in standard batch.",1
This was an splendid experience! The team provided splendid support and everything worked seamlessly.,2
"An worthless product. Complete failure, completely worthless quality and total waste.",0
"The instructions are printed in English and Spanish. Unit specifications: Model number 1061, manufactured in standard batch.",1
This was an stellar experience! The team provided stellar support and everything worked seamlessly.,2
"An faulty product. Complete failure, completely faulty quality and total waste.",0
"Shipped via standard ground transport. Unit specifications: Model number 1062, manufactured in standard batch.",1
This was an phenomenal experience! The team provided phenomenal support and everything worked seamlessly.,2
"An miserable product. Complete failure, completely miserable quality and total waste.",0
"Contains 500ml of liquid. Unit specifications: Model number 1063, manufactured in standard batch.",1
This was an exceptional experience! The team provided exceptional support and everything worked seamlessly.,2
"An abysmal product. Complete failure, completely abysmal quality and total waste.",0
"The warranty lasts for 1 year. Unit specifications: Model number 1064, manufactured in standard batch.",1
This was an magnificent experience! The team provided magnificent support and everything worked seamlessly.,2
"An atrocious product. Complete failure, completely atrocious quality and total waste.",0
"Dimensions are standard. Unit specifications: Model number 1065, manufactured in standard batch.",1
This was an terrific experience! The team provided terrific support and everything worked seamlessly.,2
"An deplorable product. Complete failure, completely deplorable quality and total waste.",0
"The item is available in black and silver. Unit specifications: Model number 1066, manufactured in standard batch.",1
This was an superb experience! The team provided superb support and everything worked seamlessly.,2
"An dreadful product. Complete failure, completely dreadful quality and total waste.",0
"The instructions are printed in English and Spanish. Unit specifications: Model number 1067, manufactured in standard batch.",1
This was an delightful experience! The team provided delightful support and everything worked seamlessly.,2
"An appalling product. Complete failure, completely appalling quality and total waste.",0
"Shipped via standard ground transport. Unit specifications: Model number 1068, manufactured in standard batch.",1
This was an splendid experience! The team provided splendid support and everything worked seamlessly.,2
"An worthless product. Complete failure, completely worthless quality and total waste.",0
"Contains 500ml of liquid. Unit specifications: Model number 1069, manufactured in standard batch.",1
This was an stellar experience! The team provided stellar support and everything worked seamlessly.,2
"An faulty product. Complete failure, completely faulty quality and total waste.",0
"The warranty lasts for 1 year. Unit specifications: Model number 1070, manufactured in standard batch.",1
This was an phenomenal experience! The team provided phenomenal support and everything worked seamlessly.,2
"An miserable product. Complete failure, completely miserable quality and total waste.",0
"Dimensions are standard. Unit specifications: Model number 1071, manufactured in standard batch.",1
This was an exceptional experience! The team provided exceptional support and everything worked seamlessly.,2
"An abysmal product. Complete failure, completely abysmal quality and total waste.",0
"The item is available in black and silver. Unit specifications: Model number 1072, manufactured in standard batch.",1
This was an magnificent experience! The team provided magnificent support and everything worked seamlessly.,2
"An atrocious product. Complete failure, completely atrocious quality and total waste.",0
"The instructions are printed in English and Spanish. Unit specifications: Model number 1073, manufactured in standard batch.",1
This was an terrific experience! The team provided terrific support and everything worked seamlessly.,2
"An deplorable product. Complete failure, completely deplorable quality and total waste.",0
"Shipped via standard ground transport. Unit specifications: Model number 1074, manufactured in standard batch.",1
This was an superb experience! The team provided superb support and everything worked seamlessly.,2
"An dreadful product. Complete failure, completely dreadful quality and total waste.",0
"Contains 500ml of liquid. Unit specifications: Model number 1075, manufactured in standard batch.",1
This was an delightful experience! The team provided delightful support and everything worked seamlessly.,2
"An appalling product. Complete failure, completely appalling quality and total waste.",0
"The warranty lasts for 1 year. Unit specifications: Model number 1076, manufactured in standard batch.",1
This was an splendid experience! The team provided splendid support and everything worked seamlessly.,2
"An worthless product. Complete failure, completely worthless quality and total waste.",0
"Dimensions are standard. Unit specifications: Model number 1077, manufactured in standard batch.",1
This was an stellar experience! The team provided stellar support and everything worked seamlessly.,2
"An faulty product. Complete failure, completely faulty quality and total waste.",0
"The item is available in black and silver. Unit specifications: Model number 1078, manufactured in standard batch.",1
This was an phenomenal experience! The team provided phenomenal support and everything worked seamlessly.,2
"An miserable product. Complete failure, completely miserable quality and total waste.",0
"The instructions are printed in English and Spanish. Unit specifications: Model number 1079, manufactured in standard batch.",1
This was an exceptional experience! The team provided exceptional support and everything worked seamlessly.,2
"An abysmal product. Complete failure, completely abysmal quality and total waste.",0
"Shipped via standard ground transport. Unit specifications: Model number 1080, manufactured in standard batch.",1
This was an magnificent experience! The team provided magnificent support and everything worked seamlessly.,2
"An atrocious product. Complete failure, completely atrocious quality and total waste.",0
"Contains 500ml of liquid. Unit specifications: Model number 1081, manufactured in standard batch.",1
This was an terrific experience! The team provided terrific support and everything worked seamlessly.,2
"An deplorable product. Complete failure, completely deplorable quality and total waste.",0
"The warranty lasts for 1 year. Unit specifications: Model number 1082, manufactured in standard batch.",1
This was an superb experience! The team provided superb support and everything worked seamlessly.,2
"An dreadful product. Complete failure, completely dreadful quality and total waste.",0
"Dimensions are standard. Unit specifications: Model number 1083, manufactured in standard batch.",1
This was an delightful experience! The team provided delightful support and everything worked seamlessly.,2
"An appalling product. Complete failure, completely appalling quality and total waste.",0
"The item is available in black and silver. Unit specifications: Model number 1084, manufactured in standard batch.",1
This was an splendid experience! The team provided splendid support and everything worked seamlessly.,2
"An worthless product. Complete failure, completely worthless quality and total waste.",0
"The instructions are printed in English and Spanish. Unit specifications: Model number 1085, manufactured in standard batch.",1
This was an stellar experience! The team provided stellar support and everything worked seamlessly.,2
"An faulty product. Complete failure, completely faulty quality and total waste.",0
"Shipped via standard ground transport. Unit specifications: Model number 1086, manufactured in standard batch.",1
This was an phenomenal experience! The team provided phenomenal support and everything worked seamlessly.,2
"An miserable product. Complete failure, completely miserable quality and total waste.",0
"Contains 500ml of liquid. Unit specifications: Model number 1087, manufactured in standard batch.",1
This was an exceptional experience! The team provided exceptional support and everything worked seamlessly.,2
"An abysmal product. Complete failure, completely abysmal quality and total waste.",0
"The warranty lasts for 1 year. Unit specifications: Model number 1088, manufactured in standard batch.",1
This was an magnificent experience! The team provided magnificent support and everything worked seamlessly.,2
"An atrocious product. Complete failure, completely atrocious quality and total waste.",0
"Dimensions are standard. Unit specifications: Model number 1089, manufactured in standard batch.",1
This was an terrific experience! The team provided terrific support and everything worked seamlessly.,2
"An deplorable product. Complete failure, completely deplorable quality and total waste.",0
"The item is available in black and silver. Unit specifications: Model number 1090, manufactured in standard batch.",1
This was an superb experience! The team provided superb support and everything worked seamlessly.,2
"An dreadful product. Complete failure, completely dreadful quality and total waste.",0
"The instructions are printed in English and Spanish. Unit specifications: Model number 1091, manufactured in standard batch.",1
This was an delightful experience! The team provided delightful support and everything worked seamlessly.,2
"An appalling product. Complete failure, completely appalling quality and total waste.",0
"Shipped via standard ground transport. Unit specifications: Model number 1092, manufactured in standard batch.",1
This was an splendid experience! The team provided splendid support and everything worked seamlessly.,2
"An worthless product. Complete failure, completely worthless quality and total waste.",0
"Contains 500ml of liquid. Unit specifications: Model number 1093, manufactured in standard batch.",1
This was an stellar experience! The team provided stellar support and everything worked seamlessly.,2
"An faulty product. Complete failure, completely faulty quality and total waste.",0
"The warranty lasts for 1 year. Unit specifications: Model number 1094, manufactured in standard batch.",1
This was an phenomenal experience! The team provided phenomenal support and everything worked seamlessly.,2
"An miserable product. Complete failure, completely miserable quality and total waste.",0
"Dimensions are standard. Unit specifications: Model number 1095, manufactured in standard batch.",1
This was an exceptional experience! The team provided exceptional support and everything worked seamlessly.,2
"An abysmal product. Complete failure, completely abysmal quality and total waste.",0
"The item is available in black and silver. Unit specifications: Model number 1096, manufactured in standard batch.",1
This was an magnificent experience! The team provided magnificent support and everything worked seamlessly.,2
"An atrocious product. Complete failure, completely atrocious quality and total waste.",0
"The instructions are printed in English and Spanish. Unit specifications: Model number 1097, manufactured in standard batch.",1
This was an terrific experience! The team provided terrific support and everything worked seamlessly.,2
"An deplorable product. Complete failure, completely deplorable quality and total waste.",0
"Shipped via standard ground transport. Unit specifications: Model number 1098, manufactured in standard batch.",1
This was an superb experience! The team provided superb support and everything worked seamlessly.,2
"An dreadful product. Complete failure, completely dreadful quality and total waste.",0
"Contains 500ml of liquid. Unit specifications: Model number 1099, manufactured in standard batch.",1
"I was not happy with the slow delivery, but customer support was very helpful.",1
"I was not happy with the slow delivery, but customer support was very helpful.",1
"I was not happy with the slow delivery, but customer support was very helpful.",1
"I was not happy with the slow delivery, but customer support was very helpful.",1
"I was not happy with the slow delivery, but customer support was very helpful.",1
"This is not bad at all, actually quite decent for the price.",2
"This is not bad at all, actually quite decent for the price.",2
"This is not bad at all, actually quite decent for the price.",2
"This is not bad at all, actually quite decent for the price.",2
"This is not bad at all, actually quite decent for the price.",2
It did not meet my expectations and I will never buy from them again.,0
It did not meet my expectations and I will never buy from them again.,0
It did not meet my expectations and I will never buy from them again.,0
It did not meet my expectations and I will never buy from them again.,0
It did not meet my expectations and I will never buy from them again.,0
"The camera is not great, but it is not terrible either. Purely average.",1
"The camera is not great, but it is not terrible either. Purely average.",1
"The camera is not great, but it is not terrible either. Purely average.",1
"The camera is not great, but it is not terrible either. Purely average.",1
"The camera is not great, but it is not terrible either. Purely average.",1
Could not be happier with this amazing purchase!,2
Could not be happier with this amazing purchase!,2
Could not be happier with this amazing purchase!,2
Could not be happier with this amazing purchase!,2
Could not be happier with this amazing purchase!,2
I can not recommend this faulty item to anyone.,0
I can not recommend this faulty item to anyone.,0
I can not recommend this faulty item to anyone.,0
I can not recommend this faulty item to anyone.,0
I can not recommend this faulty item to anyone.,0
Hardly any noticeable difference between this and older models.,1
Hardly any noticeable difference between this and older models.,1
Hardly any noticeable difference between this and older models.,1
Hardly any noticeable difference between this and older models.,1
Hardly any noticeable difference between this and older models.,1
Never had such a wonderful dining experience in years.,2
Never had such a wonderful dining experience in years.,2
Never had such a wonderful dining experience in years.,2
Never had such a wonderful dining experience in years.,2
Never had such a wonderful dining experience in years.,2
There is no doubt that this is the worst software update so far.,0
There is no doubt that this is the worst software update so far.,0
There is no doubt that this is the worst software update so far.,0
There is no doubt that this is the worst software update so far.,0
There is no doubt that this is the worst software update so far.,0
"Not the best, not the worst, just a standard functional tool.",1
"Not the best, not the worst, just a standard functional tool.",1
"Not the best, not the worst, just a standard functional tool.",1
"Not the best, not the worst, just a standard functional tool.",1
"Not the best, not the worst, just a standard functional tool.",1
